node-superagent/2.3.0,2017-08-25T13:29:55,GET,/,HTTP/1.1,200
node-superagent/2.3.0,2017-08-25T13:29:55,GET,/,HTTP/1.1,200
node-superagent/2.3.0,2017-08-25T13:29:55,GET,/,HTTP/1.1,200
node-superagent/2.3.0,2017-08-25T13:29:55,GET,/,HTTP/1.1,200
node-superagent/2.3.0,2017-08-25T13:29:55,GET,/,HTTP/1.1,200
node-superagent/2.3.0,2017-08-25T13:29:55,GET,/,HTTP/1.1,200
node-superagent/2.3.0,2017-08-25T13:29:55,GET,/,HTTP/1.1,200
node-superagent/2.3.0,2017-08-25T13:29:55,GET,/,HTTP/1.1,200
node-superagent/2.3.0,2017-08-25T13:29:55,GET,/logs,HTTP/1.1,200
node-superagent/2.3.0,2017-08-25T13:29:55,GET,/logs,HTTP/1.1,200
node-superagent/2.3.0,2017-08-25T13:32:33,GET,/,HTTP/1.1,200
node-superagent/2.3.0,2017-08-25T13:32:33,GET,/,HTTP/1.1,200
node-superagent/2.3.0,2017-08-25T13:32:33,GET,/,HTTP/1.1,200
node-superagent/2.3.0,2017-08-25T13:32:33,GET,/,HTTP/1.1,200
node-superagent/2.3.0,2017-08-25T13:32:33,GET,/,HTTP/1.1,200
node-superagent/2.3.0,2017-08-25T13:32:33,GET,/,HTTP/1.1,200
node-superagent/2.3.0,2017-08-25T13:32:33,GET,/,HTTP/1.1,200
node-superagent/2.3.0,2017-08-25T13:32:33,GET,/,HTTP/1.1,200
node-superagent/2.3.0,2017-08-25T13:32:33,GET,/logs,HTTP/1.1,200
node-superagent/2.3.0,2017-08-25T13:32:33,GET,/logs,HTTP/1.1,200
node-superagent/2.3.0,2017-08-25T13:33:56,GET,/,HTTP/1.1,200
node-superagent/2.3.0,2017-08-25T13:33:56,GET,/,HTTP/1.1,200
node-superagent/2.3.0,2017-08-25T13:33:56,GET,/,HTTP/1.1,200
node-superagent/2.3.0,2017-08-25T13:33:56,GET,/,HTTP/1.1,200
node-superagent/2.3.0,2017-08-25T13:33:56,GET,/,HTTP/1.1,200
node-superagent/2.3.0,2017-08-25T13:33:56,GET,/,HTTP/1.1,200
node-superagent/2.3.0,2017-08-25T13:33:56,GET,/,HTTP/1.1,200
node-superagent/2.3.0,2017-08-25T13:33:56,GET,/,HTTP/1.1,200
node-superagent/2.3.0,2017-08-25T13:33:56,GET,/logs,HTTP/1.1,200
node-superagent/2.3.0,2017-08-25T13:33:56,GET,/logs,HTTP/1.1,200
node-superagent/2.3.0,2017-08-25T13:34:14,GET,/,HTTP/1.1,200
node-superagent/2.3.0,2017-08-25T13:34:14,GET,/,HTTP/1.1,200
node-superagent/2.3.0,2017-08-25T13:34:14,GET,/,HTTP/1.1,200
node-superagent/2.3.0,2017-08-25T13:34:14,GET,/,HTTP/1.1,200
node-superagent/2.3.0,2017-08-25T13:34:14,GET,/,HTTP/1.1,200
node-superagent/2.3.0,2017-08-25T13:34:15,GET,/,HTTP/1.1,200
node-superagent/2.3.0,2017-08-25T13:34:15,GET,/,HTTP/1.1,200
node-superagent/2.3.0,2017-08-25T13:34:15,GET,/,HTTP/1.1,200
node-superagent/2.3.0,2017-08-25T13:34:15,GET,/logs,HTTP/1.1,200
node-superagent/2.3.0,2017-08-25T13:34:15,GET,/logs,HTTP/1.1,200
node-superagent/2.3.0,2017-08-25T13:34:27,GET,/,HTTP/1.1,200
node-superagent/2.3.0,2017-08-25T13:34:27,GET,/,HTTP/1.1,200
node-superagent/2.3.0,2017-08-25T13:34:27,GET,/,HTTP/1.1,200
node-superagent/2.3.0,2017-08-25T13:34:27,GET,/,HTTP/1.1,200
node-superagent/2.3.0,2017-08-25T13:34:27,GET,/,HTTP/1.1,200
node-superagent/2.3.0,2017-08-25T13:34:27,GET,/,HTTP/1.1,200
node-superagent/2.3.0,2017-08-25T13:34:27,GET,/,HTTP/1.1,200
node-superagent/2.3.0,2017-08-25T13:34:27,GET,/,HTTP/1.1,200
node-superagent/2.3.0,2017-08-25T13:34:27,GET,/logs,HTTP/1.1,200
node-superagent/2.3.0,2017-08-25T13:34:27,GET,/logs,HTTP/1.1,200
node-superagent/2.3.0,2017-08-25T13:35:13,GET,/,HTTP/1.1,200
node-superagent/2.3.0,2017-08-25T13:35:13,GET,/,HTTP/1.1,200
node-superagent/2.3.0,2017-08-25T13:35:13,GET,/,HTTP/1.1,200
node-superagent/2.3.0,2017-08-25T13:35:13,GET,/,HTTP/1.1,200
node-superagent/2.3.0,2017-08-25T13:35:13,GET,/,HTTP/1.1,200
node-superagent/2.3.0,2017-08-25T13:35:13,GET,/,HTTP/1.1,200
node-superagent/2.3.0,2017-08-25T13:35:14,GET,/,HTTP/1.1,200
node-superagent/2.3.0,2017-08-25T13:35:14,GET,/,HTTP/1.1,200
node-superagent/2.3.0,2017-08-25T13:35:14,GET,/logs,HTTP/1.1,200
node-superagent/2.3.0,2017-08-25T13:35:14,GET,/logs,HTTP/1.1,200
node-superagent/2.3.0,2017-08-25T13:36:01,GET,/,HTTP/1.1,200
node-superagent/2.3.0,2017-08-25T13:36:01,GET,/,HTTP/1.1,200
node-superagent/2.3.0,2017-08-25T13:36:01,GET,/,HTTP/1.1,200
node-superagent/2.3.0,2017-08-25T13:36:01,GET,/,HTTP/1.1,200
node-superagent/2.3.0,2017-08-25T13:36:01,GET,/,HTTP/1.1,200
node-superagent/2.3.0,2017-08-25T13:36:01,GET,/,HTTP/1.1,200
node-superagent/2.3.0,2017-08-25T13:36:01,GET,/,HTTP/1.1,200
node-superagent/2.3.0,2017-08-25T13:36:01,GET,/,HTTP/1.1,200
node-superagent/2.3.0,2017-08-25T13:36:01,GET,/logs,HTTP/1.1,200
node-superagent/2.3.0,2017-08-25T13:36:01,GET,/logs,HTTP/1.1,200
[object Object][object Object][object Object][object Object][object Object][object Object][object Object][object Object][object Object][object Object]node-superagent/2.3.0,2017-08-25T14:09:53,GET,/,HTTP/1.1,200
node-superagent/2.3.0,2017-08-25T14:09:53,GET,/,HTTP/1.1,200
node-superagent/2.3.0,2017-08-25T14:09:53,GET,/,HTTP/1.1,200
node-superagent/2.3.0,2017-08-25T14:09:53,GET,/,HTTP/1.1,200
node-superagent/2.3.0,2017-08-25T14:09:53,GET,/,HTTP/1.1,200
node-superagent/2.3.0,2017-08-25T14:09:53,GET,/,HTTP/1.1,200
node-superagent/2.3.0,2017-08-25T14:09:53,GET,/,HTTP/1.1,200
node-superagent/2.3.0,2017-08-25T14:09:53,GET,/,HTTP/1.1,200
node-superagent/2.3.0,2017-08-25T14:09:53,GET,/logs,HTTP/1.1,200
node-superagent/2.3.0,2017-08-25T14:09:53,GET,/logs,HTTP/1.1,200
node-superagent/2.3.0,2017-08-25T14:10:46,GET,/,HTTP/1.1,200
node-superagent/2.3.0,2017-08-25T14:10:47,GET,/,HTTP/1.1,200
node-superagent/2.3.0,2017-08-25T14:10:47,GET,/,HTTP/1.1,200
node-superagent/2.3.0,2017-08-25T14:10:47,GET,/,HTTP/1.1,200
node-superagent/2.3.0,2017-08-25T14:10:47,GET,/,HTTP/1.1,200
node-superagent/2.3.0,2017-08-25T14:10:47,GET,/,HTTP/1.1,200
node-superagent/2.3.0,2017-08-25T14:10:47,GET,/,HTTP/1.1,200
node-superagent/2.3.0,2017-08-25T14:10:47,GET,/,HTTP/1.1,200
node-superagent/2.3.0,2017-08-25T14:10:47,GET,/logs,HTTP/1.1,200
node-superagent/2.3.0,2017-08-25T14:10:47,GET,/logs,HTTP/1.1,200
node-superagent/2.3.0,2017-08-25T14:16:54,GET,/,HTTP/1.1,200
node-superagent/2.3.0,2017-08-25T14:16:54,GET,/,HTTP/1.1,200
node-superagent/2.3.0,2017-08-25T14:16:54,GET,/,HTTP/1.1,200
node-superagent/2.3.0,2017-08-25T14:16:54,GET,/,HTTP/1.1,200
node-superagent/2.3.0,2017-08-25T14:16:54,GET,/,HTTP/1.1,200
node-superagent/2.3.0,2017-08-25T14:16:54,GET,/,HTTP/1.1,200
node-superagent/2.3.0,2017-08-25T14:16:54,GET,/,HTTP/1.1,200
node-superagent/2.3.0,2017-08-25T14:16:54,GET,/,HTTP/1.1,200
node-superagent/2.3.0,2017-08-25T14:16:54,GET,/logs,HTTP/1.1,200
node-superagent/2.3.0,2017-08-25T14:16:54,GET,/logs,HTTP/1.1,200
node-superagent/2.3.0,2017-08-25T14:24:23,GET,/,HTTP/1.1,200
node-superagent/2.3.0,2017-08-25T14:24:23,GET,/,HTTP/1.1,200
node-superagent/2.3.0,2017-08-25T14:24:23,GET,/,HTTP/1.1,200
node-superagent/2.3.0,2017-08-25T14:24:23,GET,/,HTTP/1.1,200
node-superagent/2.3.0,2017-08-25T14:24:23,GET,/,HTTP/1.1,200
node-superagent/2.3.0,2017-08-25T14:24:23,GET,/,HTTP/1.1,200
node-superagent/2.3.0,2017-08-25T14:24:24,GET,/,HTTP/1.1,200
node-superagent/2.3.0,2017-08-25T14:24:24,GET,/,HTTP/1.1,200
node-superagent/2.3.0,2017-08-25T14:24:24,GET,/logs,HTTP/1.1,200
node-superagent/2.3.0,2017-08-25T14:24:24,GET,/logs,HTTP/1.1,200
node-superagent/2.3.0,2017-08-25T14:24:42,GET,/,HTTP/1.1,200
node-superagent/2.3.0,2017-08-25T14:24:42,GET,/,HTTP/1.1,200
node-superagent/2.3.0,2017-08-25T14:24:42,GET,/,HTTP/1.1,200
node-superagent/2.3.0,2017-08-25T14:24:42,GET,/,HTTP/1.1,200
node-superagent/2.3.0,2017-08-25T14:24:42,GET,/,HTTP/1.1,200
node-superagent/2.3.0,2017-08-25T14:24:42,GET,/,HTTP/1.1,200
node-superagent/2.3.0,2017-08-25T14:24:42,GET,/,HTTP/1.1,200
node-superagent/2.3.0,2017-08-25T14:24:42,GET,/,HTTP/1.1,200
node-superagent/2.3.0,2017-08-25T14:24:42,GET,/logs,HTTP/1.1,200
node-superagent/2.3.0,2017-08-25T14:24:42,GET,/logs,HTTP/1.1,200
node-superagent/2.3.0,2017-08-25T14:25:38,GET,/,HTTP/1.1,200
node-superagent/2.3.0,2017-08-25T14:25:38,GET,/,HTTP/1.1,200
node-superagent/2.3.0,2017-08-25T14:25:38,GET,/,HTTP/1.1,200
node-superagent/2.3.0,2017-08-25T14:25:38,GET,/,HTTP/1.1,200
node-superagent/2.3.0,2017-08-25T14:25:38,GET,/,HTTP/1.1,200
node-superagent/2.3.0,2017-08-25T14:25:38,GET,/,HTTP/1.1,200
node-superagent/2.3.0,2017-08-25T14:25:38,GET,/,HTTP/1.1,200
node-superagent/2.3.0,2017-08-25T14:25:38,GET,/,HTTP/1.1,200
node-superagent/2.3.0,2017-08-25T14:25:38,GET,/logs,HTTP/1.1,200
node-superagent/2.3.0,2017-08-25T14:25:38,GET,/logs,HTTP/1.1,200
node-superagent/2.3.0,2017-08-25T14:25:59,GET,/,HTTP/1.1,200
node-superagent/2.3.0,2017-08-25T14:25:59,GET,/,HTTP/1.1,200
node-superagent/2.3.0,2017-08-25T14:25:59,GET,/,HTTP/1.1,200
node-superagent/2.3.0,2017-08-25T14:25:59,GET,/,HTTP/1.1,200
node-superagent/2.3.0,2017-08-25T14:25:59,GET,/,HTTP/1.1,200
node-superagent/2.3.0,2017-08-25T14:25:59,GET,/,HTTP/1.1,200
node-superagent/2.3.0,2017-08-25T14:25:59,GET,/,HTTP/1.1,200
node-superagent/2.3.0,2017-08-25T14:25:59,GET,/,HTTP/1.1,200
node-superagent/2.3.0,2017-08-25T14:25:59,GET,/logs,HTTP/1.1,200
node-superagent/2.3.0,2017-08-25T14:25:59,GET,/logs,HTTP/1.1,200
node-superagent/2.3.0,2017-08-25T14:26:08,GET,/,HTTP/1.1,200
node-superagent/2.3.0,2017-08-25T14:26:09,GET,/,HTTP/1.1,200
node-superagent/2.3.0,2017-08-25T14:26:09,GET,/,HTTP/1.1,200
node-superagent/2.3.0,2017-08-25T14:26:09,GET,/,HTTP/1.1,200
node-superagent/2.3.0,2017-08-25T14:26:09,GET,/,HTTP/1.1,200
node-superagent/2.3.0,2017-08-25T14:26:09,GET,/,HTTP/1.1,200
node-superagent/2.3.0,2017-08-25T14:26:09,GET,/,HTTP/1.1,200
node-superagent/2.3.0,2017-08-25T14:26:09,GET,/,HTTP/1.1,200
node-superagent/2.3.0,2017-08-25T14:26:09,GET,/logs,HTTP/1.1,200
node-superagent/2.3.0,2017-08-25T14:26:09,GET,/logs,HTTP/1.1,200
node-superagent/2.3.0,2017-08-25T14:27:44,GET,/,HTTP/1.1,200
node-superagent/2.3.0,2017-08-25T14:27:44,GET,/,HTTP/1.1,200
node-superagent/2.3.0,2017-08-25T14:27:44,GET,/,HTTP/1.1,200
node-superagent/2.3.0,2017-08-25T14:27:44,GET,/,HTTP/1.1,200
node-superagent/2.3.0,2017-08-25T14:27:44,GET,/,HTTP/1.1,200
node-superagent/2.3.0,2017-08-25T14:27:44,GET,/,HTTP/1.1,200
node-superagent/2.3.0,2017-08-25T14:27:44,GET,/,HTTP/1.1,200
node-superagent/2.3.0,2017-08-25T14:27:44,GET,/,HTTP/1.1,200
node-superagent/2.3.0,2017-08-25T14:27:44,GET,/logs,HTTP/1.1,200
node-superagent/2.3.0,2017-08-25T14:27:44,GET,/logs,HTTP/1.1,200
node-superagent/2.3.0,2017-08-25T14:27:57,GET,/,HTTP/1.1,200
node-superagent/2.3.0,2017-08-25T14:27:57,GET,/,HTTP/1.1,200
node-superagent/2.3.0,2017-08-25T14:27:57,GET,/,HTTP/1.1,200
node-superagent/2.3.0,2017-08-25T14:27:57,GET,/,HTTP/1.1,200
node-superagent/2.3.0,2017-08-25T14:27:57,GET,/,HTTP/1.1,200
node-superagent/2.3.0,2017-08-25T14:27:57,GET,/,HTTP/1.1,200
node-superagent/2.3.0,2017-08-25T14:27:57,GET,/,HTTP/1.1,200
node-superagent/2.3.0,2017-08-25T14:27:57,GET,/,HTTP/1.1,200
node-superagent/2.3.0,2017-08-25T14:27:57,GET,/logs,HTTP/1.1,200
node-superagent/2.3.0,2017-08-25T14:27:57,GET,/logs,HTTP/1.1,200
node-superagent/2.3.0,2017-08-25T14:40:42,GET,/,HTTP/1.1,200
node-superagent/2.3.0,2017-08-25T14:40:42,GET,/,HTTP/1.1,200
node-superagent/2.3.0,2017-08-25T14:40:42,GET,/,HTTP/1.1,200
node-superagent/2.3.0,2017-08-25T14:40:42,GET,/,HTTP/1.1,200
node-superagent/2.3.0,2017-08-25T14:40:42,GET,/,HTTP/1.1,200
node-superagent/2.3.0,2017-08-25T14:40:42,GET,/,HTTP/1.1,200
node-superagent/2.3.0,2017-08-25T14:40:42,GET,/,HTTP/1.1,200
node-superagent/2.3.0,2017-08-25T14:40:42,GET,/,HTTP/1.1,200
node-superagent/2.3.0,2017-08-25T14:40:42,GET,/logs,HTTP/1.1,200
node-superagent/2.3.0,2017-08-25T14:40:42,GET,/logs,HTTP/1.1,200
node-superagent/2.3.0,2017-08-25T14:42:07,GET,/,HTTP/1.1,200
node-superagent/2.3.0,2017-08-25T14:42:07,GET,/,HTTP/1.1,200
node-superagent/2.3.0,2017-08-25T14:42:07,GET,/,HTTP/1.1,200
node-superagent/2.3.0,2017-08-25T14:42:07,GET,/,HTTP/1.1,200
node-superagent/2.3.0,2017-08-25T14:42:07,GET,/,HTTP/1.1,200
node-superagent/2.3.0,2017-08-25T14:42:07,GET,/,HTTP/1.1,200
node-superagent/2.3.0,2017-08-25T14:42:07,GET,/,HTTP/1.1,200
node-superagent/2.3.0,2017-08-25T14:42:07,GET,/,HTTP/1.1,200
node-superagent/2.3.0,2017-08-25T14:42:07,GET,/logs,HTTP/1.1,200
node-superagent/2.3.0,2017-08-25T14:42:07,GET,/logs,HTTP/1.1,200
node-superagent/2.3.0,2017-08-25T14:42:22,GET,/,HTTP/1.1,200
node-superagent/2.3.0,2017-08-25T14:42:22,GET,/,HTTP/1.1,200
node-superagent/2.3.0,2017-08-25T14:42:22,GET,/,HTTP/1.1,200
node-superagent/2.3.0,2017-08-25T14:42:22,GET,/,HTTP/1.1,200
node-superagent/2.3.0,2017-08-25T14:42:22,GET,/,HTTP/1.1,200
node-superagent/2.3.0,2017-08-25T14:42:22,GET,/,HTTP/1.1,200
node-superagent/2.3.0,2017-08-25T14:42:22,GET,/,HTTP/1.1,200
node-superagent/2.3.0,2017-08-25T14:42:22,GET,/,HTTP/1.1,200
node-superagent/2.3.0,2017-08-25T14:42:22,GET,/logs,HTTP/1.1,200
node-superagent/2.3.0,2017-08-25T14:42:22,GET,/logs,HTTP/1.1,200
Mozilla/5.0 (Windows NT 10.0; Win64; x64) AppleWebKit/537.36 (KHTML, like Gecko) Chrome/60.0.3112.113 Safari/537.36,2017-09-06T10:53:10,GET,/,HTTP/1.1,200
Mozilla/5.0 (Windows NT 10.0; Win64; x64) AppleWebKit/537.36 (KHTML, like Gecko) Chrome/60.0.3112.113 Safari/537.36,2017-09-06T10:53:10,GET,/favicon.ico,HTTP/1.1,200
